,PROP_TYPE_EN,AREA_EN,ACTUAL_AREA,count_total,sum_total,mean_total,count_sale,sum_sale,mean_sale,SSI
0,Building,AL FURJAN,172.36,2,6300000.0,3150000.0,1,3500000.0,3500000.0,0.5
1,Building,AL FURJAN,221.9,1,3400000.0,3400000.0,1,3400000.0,3400000.0,1.0
2,Building,ARABIAN RANCHES I,334.84,2,8158920.0,4079460.0,1,4415000.0,4415000.0,0.5
3,Building,ARABIAN RANCHES I,336.34,2,8100000.0,4050000.0,1,4500000.0,4500000.0,0.5
4,Building,ARABIAN RANCHES III,120.29,1,1959888.0,1959888.0,1,1959888.0,1959888.0,1.0
5,Building,ARABIAN RANCHES III,138.64,1,2850000.0,2850000.0,1,2850000.0,2850000.0,1.0
6,Building,Al Yelayiss 2,172.63,1,2400000.0,2400000.0,1,2400000.0,2400000.0,1.0
7,Building,Al Yufrah 1,255.52,1,2850000.0,2850000.0,1,2850000.0,2850000.0,1.0
8,Building,Al Yufrah 1,302.56,1,3775000.0,3775000.0,1,3775000.0,3775000.0,1.0
9,Building,EMIRATE LIVING,258.65,1,3000000.0,3000000.0,1,3000000.0,3000000.0,1.0
10,Building,EMIRATE LIVING,305.65,1,3200000.0,3200000.0,1,3200000.0,3200000.0,1.0
11,Building,EMIRATE LIVING,429.82,2,7678304.95,3839152.475,1,5300000.0,5300000.0,0.5
12,Building,JUMEIRAH VILLAGE CIRCLE,123.6,1,2950000.0,2950000.0,1,2950000.0,2950000.0,1.0
13,Building,JUMEIRAH VILLAGE CIRCLE,130.25,1,2673000.0,2673000.0,1,2673000.0,2673000.0,1.0
14,Building,JUMEIRAH VILLAGE CIRCLE,144.74,1,3750819.0,3750819.0,1,3750819.0,3750819.0,1.0
15,Building,JUMEIRAH VILLAGE CIRCLE,239.27,1,4019819.0,4019819.0,1,4019819.0,4019819.0,1.0
16,Building,MIRA,284.85,2,5454400.0,2727200.0,1,3000000.0,3000000.0,0.5
17,Building,MIRA,347.4,1,2850000.0,2850000.0,1,2850000.0,2850000.0,1.0
18,Building,MIRA,359.44,2,6098400.0,3049200.0,1,3300000.0,3300000.0,0.5
19,Building,THE FIELD,187.2,2,5726000.0,2863000.0,1,3500000.0,3500000.0,0.5
20,Building,THE FIELD,286.77,1,4750000.0,4750000.0,1,4750000.0,4750000.0,1.0
21,Building,TOWN SQUARE,205.74,2,4670000.0,2335000.0,1,2550000.0,2550000.0,0.5
22,Building,VILLANOVA,170.04,2,3859600.0,1929800.0,1,2100000.0,2100000.0,0.5
23,Building,Wadi Al Safa 5,144.85,1,2425000.0,2425000.0,1,2425000.0,2425000.0,1.0
24,Building,Wadi Al Safa 5,301.81,1,4800000.0,4800000.0,1,4800000.0,4800000.0,1.0
25,Land,ARABIAN RANCHES I,722.51,2,12480000.0,6240000.0,1,7800000.0,7800000.0,0.5
26,Land,ARABIAN RANCHES II,432.01,1,3654888.0,3654888.0,1,3654888.0,3654888.0,1.0
27,Land,Al Bada,340.02,1,2300000.0,2300000.0,1,2300000.0,2300000.0,1.0
28,Land,Al Goze Industrial Third,3751.33,1,20000000.0,20000000.0,1,20000000.0,20000000.0,1.0
29,Land,Al Hebiah Fifth,144.0,3,7228600.0,2409533.3333333335,3,7228600.0,2409533.3333333335,1.0
30,Land,Al Hebiah Fifth,144.03,1,2140000.0,2140000.0,1,2140000.0,2140000.0,1.0
31,Land,Al Hebiah Fifth,144.09,1,2200000.0,2200000.0,1,2200000.0,2200000.0,1.0
32,Land,Al Hebiah Fifth,233.16,1,2990000.0,2990000.0,1,2990000.0,2990000.0,1.0
33,Land,Al Hebiah Fifth,250.8,1,3500000.0,3500000.0,1,3500000.0,3500000.0,1.0
34,Land,Al Hebiah Fourth,1305.27,1,36000000.0,36000000.0,1,36000000.0,36000000.0,1.0
35,Land,Al Hebiah Third,696.1,1,19396000.0,19396000.0,1,19396000.0,19396000.0,1.0
36,Land,Al Merkadh,621.8,1,8700926.0,8700926.0,1,8700926.0,8700926.0,1.0
37,Land,DAMAC HILLS,253.0,2,5888899.0,2944449.5,1,3300000.0,3300000.0,0.5
38,Land,DAMAC HILLS,502.33,2,8570000.0,4285000.0,1,5850000.0,5850000.0,0.5
39,Land,DUBAI SOUTH,3037.96,1,9138271.0,9138271.0,1,9138271.0,9138271.0,1.0
40,Land,DUBAI SPORTS CITY,269.52,2,4169400.0,2084700.0,1,3067000.0,3067000.0,0.5
41,Land,DUBAI SPORTS CITY,303.17,2,6450000.0,3225000.0,1,3850000.0,3850000.0,0.5
42,Land,Hor Al Anz,346.06,1,6500000.0,6500000.0,1,6500000.0,6500000.0,1.0
43,Land,JABEL ALI HILLS,921.55,1,2579064.8,2579064.8,1,2579064.8,2579064.8,1.0
44,Land,JABEL ALI HILLS,966.0,1,2391526.0,2391526.0,1,2391526.0,2391526.0,1.0
45,Land,JUMEIRAH GOLF,137.6,2,5458280.0,2729140.0,1,2970000.0,2970000.0,0.5
46,Land,JUMEIRAH GOLF,757.68,1,13800000.0,13800000.0,1,13800000.0,13800000.0,1.0
47,Land,JUMEIRAH PARK,556.2,2,12294000.0,6147000.0,1,7100000.0,7100000.0,0.5
48,Land,JUMEIRAH VILLAGE CIRCLE,180.0,2,2777394.8,1388697.4,1,1495394.8,1495394.8,0.5
49,Land,JUMEIRAH VILLAGE CIRCLE,2640.2,1,24400000.0,24400000.0,1,24400000.0,24400000.0,1.0
50,Land,Jabal Ali First,17396.68,1,35400000.0,35400000.0,1,35400000.0,35400000.0,1.0
51,Land,Jumeirah First,1601.64,1,17000000.0,17000000.0,1,17000000.0,17000000.0,1.0
52,Land,MUDON,187.2,2,5850000.0,2925000.0,1,3250000.0,3250000.0,0.5
53,Land,MUDON,297.5,2,7715400.0,3857700.0,1,4175000.0,4175000.0,0.5
54,Land,Madinat Al Mataar,726.81,1,3350000.0,3350000.0,1,3350000.0,3350000.0,1.0
55,Land,Madinat Al Mataar,5272.4,1,49578750.0,49578750.0,1,49578750.0,49578750.0,1.0
56,Land,Madinat Hind 4,112.24,2,2125200.0,1062600.0,1,1150000.0,1150000.0,0.5
57,Land,Madinat Hind 4,118.34,1,1300000.0,1300000.0,1,1300000.0,1300000.0,1.0
58,Land,Madinat Hind 4,151.8,2,3132360.0,1566180.0,1,1695000.0,1695000.0,0.5
59,Land,Madinat Hind 4,174.8,6,9227800.0,1537966.6666666667,3,5025000.0,1675000.0,0.5
60,Land,Madinat Hind 4,174.81,2,2970000.0,1485000.0,1,1670000.0,1670000.0,0.5
61,Land,Madinat Hind 4,180.26,2,3330000.0,1665000.0,1,1850000.0,1850000.0,0.5
62,Land,Madinat Hind 4,185.39,2,2919840.0,1459920.0,1,1580000.0,1580000.0,0.5
63,Land,NAD AL SHEBA GARDENS,930.26,1,10500000.0,10500000.0,1,10500000.0,10500000.0,1.0
64,Land,Nad Al Shiba First,669.62,1,18232000.0,18232000.0,1,18232000.0,18232000.0,1.0
65,Land,POLO TOWNHOUSES IGO,235.22,2,5940000.0,2970000.0,1,4440000.0,4440000.0,0.5
66,Land,Palm Deira,2671.43,1,2500000.0,2500000.0,1,2500000.0,2500000.0,1.0
67,Land,THE GREENS,5541.01,1,227941176.0,227941176.0,1,227941176.0,227941176.0,1.0
68,Unit,AL BARARI,176.16,1,3500000.0,3500000.0,1,3500000.0,3500000.0,1.0
69,Unit,AL FURJAN,36.29,1,437270.0,437270.0,1,437270.0,437270.0,1.0
70,Unit,AL FURJAN,37.33,1,610000.0,610000.0,1,610000.0,610000.0,1.0
71,Unit,AL FURJAN,37.94,1,510000.0,510000.0,1,510000.0,510000.0,1.0
72,Unit,AL FURJAN,72.31,2,1276080.0,638040.0,1,780000.0,780000.0,0.5
73,Unit,AL FURJAN,121.7,1,1600000.0,1600000.0,1,1600000.0,1600000.0,1.0
74,Unit,AL FURJAN,144.73,1,1750000.0,1750000.0,1,1750000.0,1750000.0,1.0
75,Unit,ARJAN,36.39,1,680000.0,680000.0,1,680000.0,680000.0,1.0
76,Unit,ARJAN,37.09,1,690000.0,690000.0,1,690000.0,690000.0,1.0
77,Unit,ARJAN,40.53,1,445000.0,445000.0,1,445000.0,445000.0,1.0
78,Unit,ARJAN,40.7,1,550000.0,550000.0,1,550000.0,550000.0,1.0
79,Unit,ARJAN,40.8,1,702888.0,702888.0,1,702888.0,702888.0,1.0
80,Unit,ARJAN,70.64,2,1155760.0,577880.0,1,630000.0,630000.0,0.5
81,Unit,ARJAN,94.89,2,2045000.0,1022500.0,1,1245000.0,1245000.0,0.5
82,Unit,Al Kifaf,112.37,1,2300000.0,2300000.0,1,2300000.0,2300000.0,1.0
83,Unit,Al Kifaf,140.04,3,7258000.0,2419333.3333333335,2,5350000.0,2675000.0,0.6666666666666666
84,Unit,Al Kifaf,151.52,1,3486891.0,3486891.0,1,3486891.0,3486891.0,1.0
85,Unit,Al Merkadh,56.83,1,1300000.0,1300000.0,1,1300000.0,1300000.0,1.0
86,Unit,BURJ KHALIFA,43.22,2,2006000.0,1003000.0,1,1250000.0,1250000.0,0.5
87,Unit,BURJ KHALIFA,62.06,1,1200000.0,1200000.0,1,1200000.0,1200000.0,1.0
88,Unit,BURJ KHALIFA,75.31,2,1999000.0,999500.0,1,1111000.0,1111000.0,0.5
89,Unit,BURJ KHALIFA,84.08,1,3170000.0,3170000.0,1,3170000.0,3170000.0,1.0
90,Unit,BURJ KHALIFA,84.17,1,1679150.0,1679150.0,1,1679150.0,1679150.0,1.0
91,Unit,BURJ KHALIFA,126.01,2,6900000.0,3450000.0,1,3900000.0,3900000.0,0.5
92,Unit,BURJ KHALIFA,129.15,1,1800000.0,1800000.0,1,1800000.0,1800000.0,1.0
93,Unit,BURJ KHALIFA,156.93,1,5250000.0,5250000.0,1,5250000.0,5250000.0,1.0
94,Unit,BURJ KHALIFA,166.67,1,6500000.0,6500000.0,1,6500000.0,6500000.0,1.0
95,Unit,BURJ KHALIFA,170.76,2,7969200.0,3984600.0,1,4350000.0,4350000.0,0.5
96,Unit,BURJ KHALIFA,205.51,2,6495720.0,3247860.0,1,3515000.0,3515000.0,0.5
97,Unit,BUSINESS BAY,10.49,1,387325.0,387325.0,1,387325.0,387325.0,1.0
98,Unit,BUSINESS BAY,15.12,1,452000.0,452000.0,1,452000.0,452000.0,1.0
99,Unit,BUSINESS BAY,37.93,1,725000.0,725000.0,1,725000.0,725000.0,1.0
100,Unit,BUSINESS BAY,38.13,1,870000.0,870000.0,1,870000.0,870000.0,1.0
101,Unit,BUSINESS BAY,42.92,1,635000.0,635000.0,1,635000.0,635000.0,1.0
102,Unit,BUSINESS BAY,50.57,4,3201333.0,800333.25,2,1959333.0,979666.5,0.5
103,Unit,BUSINESS BAY,51.56,1,785000.0,785000.0,1,785000.0,785000.0,1.0
104,Unit,BUSINESS BAY,61.7,1,1050000.0,1050000.0,1,1050000.0,1050000.0,1.0
105,Unit,BUSINESS BAY,70.44,1,1900000.0,1900000.0,1,1900000.0,1900000.0,1.0
106,Unit,BUSINESS BAY,73.89,1,2035000.0,2035000.0,1,2035000.0,2035000.0,1.0
107,Unit,BUSINESS BAY,77.99,1,1450000.0,1450000.0,1,1450000.0,1450000.0,1.0
108,Unit,BUSINESS BAY,81.53,2,2105000.0,1052500.0,1,1484000.0,1484000.0,0.5
109,Unit,BUSINESS BAY,83.7,2,2954333.0,1477166.5,1,2333333.0,2333333.0,0.5
110,Unit,BUSINESS BAY,86.67,2,2162160.0,1081080.0,1,1170000.0,1170000.0,0.5
111,Unit,BUSINESS BAY,90.59,2,2778395.0,1389197.5,1,1700000.0,1700000.0,0.5
112,Unit,BUSINESS BAY,98.38,2,2568720.0,1284360.0,1,1390000.0,1390000.0,0.5
113,Unit,BUSINESS BAY,105.4,1,2353571.0,2353571.0,1,2353571.0,2353571.0,1.0
114,Unit,BUSINESS BAY,105.85,1,1600000.0,1600000.0,1,1600000.0,1600000.0,1.0
115,Unit,BUSINESS BAY,110.65,1,1370000.0,1370000.0,1,1370000.0,1370000.0,1.0
116,Unit,BUSINESS BAY,156.09,2,5110000.0,2555000.0,1,3760000.0,3760000.0,0.5
117,Unit,BUSINESS BAY,157.66,1,2323272.0,2323272.0,1,2323272.0,2323272.0,1.0
118,Unit,BUSINESS BAY,175.79,1,4709522.0,4709522.0,1,4709522.0,4709522.0,1.0
119,Unit,BUSINESS BAY,180.93,2,3410128.0,1705064.0,1,1850000.0,1850000.0,0.5
120,Unit,DAMAC HILLS,37.82,2,979440.0,489720.0,1,530000.0,530000.0,0.5
121,Unit,DAMAC HILLS,123.19,2,2882880.0,1441440.0,1,1560000.0,1560000.0,0.5
122,Unit,DAMAC HILLS,139.79,2,3363360.0,1681680.0,1,1820000.0,1820000.0,0.5
123,Unit,DISCOVERY GARDENS,93.0,2,1330560.0,665280.0,1,720000.0,720000.0,0.5
124,Unit,DUBAI CREEK HARBOUR,63.52,1,1520000.0,1520000.0,1,1520000.0,1520000.0,1.0
125,Unit,DUBAI CREEK HARBOUR,96.84,1,2320000.0,2320000.0,1,2320000.0,2320000.0,1.0
126,Unit,DUBAI CREEK HARBOUR,101.82,1,2550000.0,2550000.0,1,2550000.0,2550000.0,1.0
127,Unit,DUBAI CREEK HARBOUR,103.56,1,2100000.0,2100000.0,1,2100000.0,2100000.0,1.0
128,Unit,DUBAI CREEK HARBOUR,176.2,1,3700000.0,3700000.0,1,3700000.0,3700000.0,1.0
129,Unit,DUBAI HARBOUR,155.32,1,5900000.0,5900000.0,1,5900000.0,5900000.0,1.0
130,Unit,DUBAI HILLS,60.11,2,2956800.0,1478400.0,1,1600000.0,1600000.0,0.5
131,Unit,DUBAI HILLS,62.15,2,2584000.0,1292000.0,1,1520000.0,1520000.0,0.5
132,Unit,DUBAI HILLS,62.18,1,1245000.0,1245000.0,1,1245000.0,1245000.0,1.0
133,Unit,DUBAI HILLS,63.69,1,1400000.0,1400000.0,1,1400000.0,1400000.0,1.0
134,Unit,DUBAI HILLS,71.27,2,2600000.0,1300000.0,1,1480000.0,1480000.0,0.5
135,Unit,DUBAI HILLS,85.69,2,3420000.0,1710000.0,1,1900000.0,1900000.0,0.5
136,Unit,DUBAI HILLS,110.92,2,3960000.0,1980000.0,1,2200000.0,2200000.0,0.5
137,Unit,DUBAI HILLS,126.79,1,2950000.0,2950000.0,1,2950000.0,2950000.0,1.0
138,Unit,DUBAI LAND RESIDENCE COMPLEX,35.06,1,425000.0,425000.0,1,425000.0,425000.0,1.0
139,Unit,DUBAI LAND RESIDENCE COMPLEX,71.46,1,989948.0,989948.0,1,989948.0,989948.0,1.0
140,Unit,DUBAI LAND RESIDENCE COMPLEX,75.69,1,1048545.0,1048545.0,1,1048545.0,1048545.0,1.0
141,Unit,DUBAI LAND RESIDENCE COMPLEX,101.65,2,1236820.0,618410.0,1,710000.0,710000.0,0.5
142,Unit,DUBAI LAND RESIDENCE COMPLEX,119.53,1,564516.0,564516.0,1,564516.0,564516.0,1.0
143,Unit,DUBAI LAND RESIDENCE COMPLEX,123.73,1,1300000.0,1300000.0,1,1300000.0,1300000.0,1.0
144,Unit,DUBAI MARINA,41.15,1,1000000.0,1000000.0,1,1000000.0,1000000.0,1.0
145,Unit,DUBAI MARINA,59.46,1,1830000.0,1830000.0,1,1830000.0,1830000.0,1.0
146,Unit,DUBAI MARINA,66.98,1,1600000.0,1600000.0,1,1600000.0,1600000.0,1.0
147,Unit,DUBAI MARINA,73.21,1,1580000.0,1580000.0,1,1580000.0,1580000.0,1.0
148,Unit,DUBAI MARINA,73.61,1,1683731.0,1683731.0,1,1683731.0,1683731.0,1.0
149,Unit,DUBAI MARINA,78.49,1,955000.0,955000.0,1,955000.0,955000.0,1.0
150,Unit,DUBAI MARINA,101.25,1,2610000.0,2610000.0,1,2610000.0,2610000.0,1.0
151,Unit,DUBAI MARINA,108.95,1,2220000.0,2220000.0,1,2220000.0,2220000.0,1.0
152,Unit,DUBAI MARINA,112.44,1,1883540.84,1883540.84,1,1883540.84,1883540.84,1.0
153,Unit,DUBAI MARINA,127.09,2,4820000.0,2410000.0,1,2700000.0,2700000.0,0.5
154,Unit,DUBAI MARINA,144.68,2,5636400.0,2818200.0,1,3050000.0,3050000.0,0.5
155,Unit,DUBAI MARINA,160.08,2,3201900.0,1600950.0,1,1950000.0,1950000.0,0.5
156,Unit,DUBAI MARINA,295.36,1,6000000.0,6000000.0,1,6000000.0,6000000.0,1.0
157,Unit,DUBAI PRODUCTION CITY,33.93,1,365000.0,365000.0,1,365000.0,365000.0,1.0
158,Unit,DUBAI PRODUCTION CITY,46.08,1,450000.0,450000.0,1,450000.0,450000.0,1.0
159,Unit,DUBAI PRODUCTION CITY,108.32,2,2624160.0,1312080.0,1,1420000.0,1420000.0,0.5
160,Unit,DUBAI PRODUCTION CITY,113.19,1,1495929.6,1495929.6,1,1495929.6,1495929.6,1.0
161,Unit,DUBAI PRODUCTION CITY,123.38,2,1422960.0,711480.0,1,770000.0,770000.0,0.5
162,Unit,DUBAI PRODUCTION CITY,136.57,1,1512905.0,1512905.0,1,1512905.0,1512905.0,1.0
163,Unit,DUBAI SCIENCE PARK,170.18,2,5440000.0,2720000.0,1,4000000.0,4000000.0,0.5
164,Unit,DUBAI SOUTH,147.85,2,2587200.0,1293600.0,1,1400000.0,1400000.0,0.5
165,Unit,DUBAI SPORTS CITY,37.3,1,525000.0,525000.0,1,525000.0,525000.0,1.0
166,Unit,DUBAI SPORTS CITY,41.33,1,500000.0,500000.0,1,500000.0,500000.0,1.0
167,Unit,DUBAI SPORTS CITY,66.73,2,1136520.0,568260.0,1,615000.0,615000.0,0.5
168,Unit,DUBAI SPORTS CITY,81.79,1,840000.0,840000.0,1,840000.0,840000.0,1.0
169,Unit,DUBAI SPORTS CITY,137.95,2,2590560.0,1295280.0,1,1400000.0,1400000.0,0.5
170,Unit,DUBAI SPORTS CITY,149.72,2,1610000.0,805000.0,1,980000.0,980000.0,0.5
171,Unit,DUBAI SPORTS CITY,192.73,1,1900000.0,1900000.0,1,1900000.0,1900000.0,1.0
172,Unit,DUBAI STUDIO CITY,55.89,2,1833000.0,916500.0,2,1833000.0,916500.0,1.0
173,Unit,DUBAI STUDIO CITY,61.26,1,940000.0,940000.0,1,940000.0,940000.0,1.0
174,Unit,DUBAI STUDIO CITY,96.87,2,2282280.0,1141140.0,1,1235000.0,1235000.0,0.5
175,Unit,HORIZON,73.23,1,1476828.0,1476828.0,1,1476828.0,1476828.0,1.0
176,Unit,HORIZON,78.11,1,1588828.0,1588828.0,1,1588828.0,1588828.0,1.0
177,Unit,INTERNATIONAL CITY PH 1,37.6,1,315000.0,315000.0,1,315000.0,315000.0,1.0
178,Unit,INTERNATIONAL CITY PH 1,43.0,1,275000.0,275000.0,1,275000.0,275000.0,1.0
179,Unit,INTERNATIONAL CITY PH 1,74.02,1,510000.0,510000.0,1,510000.0,510000.0,1.0
180,Unit,INTERNATIONAL CITY PH 2 & 3,38.91,1,330000.0,330000.0,1,330000.0,330000.0,1.0
181,Unit,INTERNATIONAL CITY PH 2 & 3,50.83,1,530736.0,530736.0,1,530736.0,530736.0,1.0
182,Unit,INTERNATIONAL CITY PH 2 & 3,72.45,2,831600.0,415800.0,1,450000.0,450000.0,0.5
183,Unit,INTERNATIONAL CITY PH 2 & 3,74.69,2,1600000.0,800000.0,2,1600000.0,800000.0,1.0
184,Unit,INTERNATIONAL CITY PH 2 & 3,74.83,2,1330804.0,665402.0,1,770804.0,770804.0,0.5
185,Unit,JADDAF WATERFRONT,42.58,2,1663200.0,831600.0,1,900000.0,900000.0,0.5
186,Unit,JADDAF WATERFRONT,91.25,2,1663200.0,831600.0,1,900000.0,900000.0,0.5
187,Unit,JUMEIRAH BEACH RESIDENCE,174.87,1,2455000.0,2455000.0,1,2455000.0,2455000.0,1.0
188,Unit,JUMEIRAH GOLF,167.91,2,4455000.0,2227500.0,1,2475000.0,2475000.0,0.5
189,Unit,JUMEIRAH LAKES TOWERS,36.01,1,620000.0,620000.0,1,620000.0,620000.0,1.0
190,Unit,JUMEIRAH LAKES TOWERS,39.93,2,1794000.0,897000.0,1,975000.0,975000.0,0.5
191,Unit,JUMEIRAH LAKES TOWERS,58.71,1,1327200.0,1327200.0,1,1327200.0,1327200.0,1.0
192,Unit,JUMEIRAH LAKES TOWERS,59.35,1,790000.0,790000.0,1,790000.0,790000.0,1.0
193,Unit,JUMEIRAH LAKES TOWERS,59.92,1,1548000.0,1548000.0,1,1548000.0,1548000.0,1.0
194,Unit,JUMEIRAH LAKES TOWERS,67.08,2,1663200.0,831600.0,1,900000.0,900000.0,0.5
195,Unit,JUMEIRAH LAKES TOWERS,69.54,1,2668863.54,2668863.54,1,2668863.54,2668863.54,1.0
196,Unit,JUMEIRAH LAKES TOWERS,71.93,1,900777.0,900777.0,1,900777.0,900777.0,1.0
197,Unit,JUMEIRAH LAKES TOWERS,72.04,1,1050000.0,1050000.0,1,1050000.0,1050000.0,1.0
198,Unit,JUMEIRAH LAKES TOWERS,75.91,2,1870000.0,935000.0,1,1150000.0,1150000.0,0.5
199,Unit,JUMEIRAH LAKES TOWERS,86.15,1,2550000.0,2550000.0,1,2550000.0,2550000.0,1.0
200,Unit,JUMEIRAH LAKES TOWERS,100.2,1,1100000.0,1100000.0,1,1100000.0,1100000.0,1.0
201,Unit,JUMEIRAH LAKES TOWERS,109.63,1,2832000.0,2832000.0,1,2832000.0,2832000.0,1.0
202,Unit,JUMEIRAH LAKES TOWERS,128.34,1,1360000.0,1360000.0,1,1360000.0,1360000.0,1.0
203,Unit,JUMEIRAH LAKES TOWERS,137.34,1,5482805.44,5482805.44,1,5482805.44,5482805.44,1.0
204,Unit,JUMEIRAH LAKES TOWERS,138.43,1,3880000.0,3880000.0,1,3880000.0,3880000.0,1.0
205,Unit,JUMEIRAH LAKES TOWERS,143.45,1,4446691.41,4446691.41,1,4446691.41,4446691.41,1.0
206,Unit,JUMEIRAH LAKES TOWERS,160.99,2,3994656.0,1997328.0,1,2375000.0,2375000.0,0.5
207,Unit,JUMEIRAH LAKES TOWERS,186.57,2,4005000.0,2002500.0,1,2225000.0,2225000.0,0.5
208,Unit,JUMEIRAH VILLAGE CIRCLE,39.37,1,533428.0,533428.0,1,533428.0,533428.0,1.0
209,Unit,JUMEIRAH VILLAGE CIRCLE,40.21,1,478000.0,478000.0,1,478000.0,478000.0,1.0
210,Unit,JUMEIRAH VILLAGE CIRCLE,40.28,1,545480.0,545480.0,1,545480.0,545480.0,1.0
211,Unit,JUMEIRAH VILLAGE CIRCLE,40.68,1,631112.0,631112.0,1,631112.0,631112.0,1.0
212,Unit,JUMEIRAH VILLAGE CIRCLE,41.22,1,637867.0,637867.0,1,637867.0,637867.0,1.0
213,Unit,JUMEIRAH VILLAGE CIRCLE,41.32,1,638832.0,638832.0,1,638832.0,638832.0,1.0
214,Unit,JUMEIRAH VILLAGE CIRCLE,41.42,1,640762.0,640762.0,1,640762.0,640762.0,1.0
215,Unit,JUMEIRAH VILLAGE CIRCLE,45.57,1,555000.0,555000.0,1,555000.0,555000.0,1.0
216,Unit,JUMEIRAH VILLAGE CIRCLE,61.25,1,900000.0,900000.0,1,900000.0,900000.0,1.0
217,Unit,JUMEIRAH VILLAGE CIRCLE,63.65,2,1410000.0,705000.0,1,900000.0,900000.0,0.5
218,Unit,JUMEIRAH VILLAGE CIRCLE,67.9,1,860000.0,860000.0,1,860000.0,860000.0,1.0
219,Unit,JUMEIRAH VILLAGE CIRCLE,72.68,1,963073.0,963073.0,1,963073.0,963073.0,1.0
220,Unit,JUMEIRAH VILLAGE CIRCLE,72.93,1,880000.0,880000.0,1,880000.0,880000.0,1.0
221,Unit,JUMEIRAH VILLAGE CIRCLE,73.36,1,750000.0,750000.0,1,750000.0,750000.0,1.0
222,Unit,JUMEIRAH VILLAGE CIRCLE,74.89,2,2052080.0,1026040.0,1,1130000.0,1130000.0,0.5
223,Unit,JUMEIRAH VILLAGE CIRCLE,77.22,1,965003.0,965003.0,1,965003.0,965003.0,1.0
224,Unit,JUMEIRAH VILLAGE CIRCLE,77.28,1,800000.0,800000.0,1,800000.0,800000.0,1.0
225,Unit,JUMEIRAH VILLAGE CIRCLE,77.58,1,988163.0,988163.0,1,988163.0,988163.0,1.0
226,Unit,JUMEIRAH VILLAGE CIRCLE,83.33,1,1019040.0,1019040.0,1,1019040.0,1019040.0,1.0
227,Unit,JUMEIRAH VILLAGE CIRCLE,86.56,1,750000.0,750000.0,1,750000.0,750000.0,1.0
228,Unit,JUMEIRAH VILLAGE CIRCLE,92.39,1,1016148.0,1016148.0,1,1016148.0,1016148.0,1.0
229,Unit,JUMEIRAH VILLAGE CIRCLE,97.2,2,1700160.0,850080.0,1,920000.0,920000.0,0.5
230,Unit,JUMEIRAH VILLAGE CIRCLE,103.65,2,1573556.22,786778.11,2,1573556.22,786778.11,1.0
231,Unit,JUMEIRAH VILLAGE CIRCLE,104.48,2,2250000.0,1125000.0,1,1500000.0,1500000.0,0.5
232,Unit,JUMEIRAH VILLAGE CIRCLE,117.09,2,2835000.0,1417500.0,1,1650000.0,1650000.0,0.5
233,Unit,JUMEIRAH VILLAGE CIRCLE,133.15,2,2400000.0,1200000.0,1,1900000.0,1900000.0,0.5
234,Unit,JUMEIRAH VILLAGE TRIANGLE,91.37,1,1213457.0,1213457.0,1,1213457.0,1213457.0,1.0
235,Unit,LA MER,77.49,2,5069600.0,2534800.0,1,2780000.0,2780000.0,0.5
236,Unit,LIWAN,90.33,2,975200.0,487600.0,1,530000.0,530000.0,0.5
237,Unit,LIWAN,128.95,2,2587698.0,1293849.0,1,1422188.0,1422188.0,0.5
238,Unit,MBR DISTRICT 7,38.44,2,1262400.0,631200.0,1,690000.0,690000.0,0.5
239,Unit,MBR DISTRICT 7,83.3,2,2500998.0,1250499.0,1,1350000.0,1350000.0,0.5
240,Unit,MEYDAN ONE,34.78,2,1182720.0,591360.0,1,640000.0,640000.0,0.5
241,Unit,MEYDAN ONE,37.13,1,600000.0,600000.0,1,600000.0,600000.0,1.0
242,Unit,MEYDAN ONE,38.58,1,670000.0,670000.0,1,670000.0,670000.0,1.0
243,Unit,MEYDAN ONE,40.68,1,728129.0,728129.0,1,728129.0,728129.0,1.0
244,Unit,MEYDAN ONE,41.39,1,620000.0,620000.0,1,620000.0,620000.0,1.0
245,Unit,MEYDAN ONE,55.53,1,887000.0,887000.0,1,887000.0,887000.0,1.0
246,Unit,MEYDAN ONE,79.2,1,1138000.0,1138000.0,1,1138000.0,1138000.0,1.0
247,Unit,MEYDAN ONE,103.57,1,1432000.0,1432000.0,1,1432000.0,1432000.0,1.0
248,Unit,MOTOR CITY,212.28,1,2500000.0,2500000.0,1,2500000.0,2500000.0,1.0
249,Unit,MOTOR CITY,224.17,1,1609438.0,1609438.0,1,1609438.0,1609438.0,1.0
250,Unit,Madinat Dubai Almelaheyah,161.56,1,3482888.0,3482888.0,1,3482888.0,3482888.0,1.0
251,Unit,Marsa Dubai,201.74,2,21628397.97,10814198.985,2,21628397.97,10814198.985,1.0
252,Unit,Mirdif,50.39,1,600000.0,600000.0,1,600000.0,600000.0,1.0
253,Unit,Mirdif,73.97,2,1980720.0,990360.0,1,1070000.0,1070000.0,0.5
254,Unit,Nad Al Hamar,137.96,2,2633400.0,1316700.0,1,1425000.0,1425000.0,0.5
255,Unit,PALM JUMEIRAH,32.93,1,1200000.0,1200000.0,1,1200000.0,1200000.0,1.0
256,Unit,PALM JUMEIRAH,32.96,1,1150000.0,1150000.0,1,1150000.0,1150000.0,1.0
257,Unit,PALM JUMEIRAH,69.12,2,3169360.0,1584680.0,1,1730000.0,1730000.0,0.5
258,Unit,PALM JUMEIRAH,107.6,2,3844600.0,1922300.0,1,2350000.0,2350000.0,0.5
259,Unit,PALM JUMEIRAH,124.32,2,6660000.0,3330000.0,1,3700000.0,3700000.0,0.5
260,Unit,PALM JUMEIRAH,158.79,2,7369225.0,3684612.5,1,4500000.0,4500000.0,0.5
261,Unit,PALM JUMEIRAH,165.09,1,4500000.0,4500000.0,1,4500000.0,4500000.0,1.0
262,Unit,PALM JUMEIRAH,167.83,1,3150000.0,3150000.0,1,3150000.0,3150000.0,1.0
263,Unit,PALM JUMEIRAH,203.72,1,8300000.0,8300000.0,1,8300000.0,8300000.0,1.0
264,Unit,PALM JUMEIRAH,222.22,1,10000000.0,10000000.0,1,10000000.0,10000000.0,1.0
265,Unit,REMRAAM,35.95,1,320000.0,320000.0,1,320000.0,320000.0,1.0
266,Unit,REMRAAM,61.79,1,490000.0,490000.0,1,490000.0,490000.0,1.0
267,Unit,REMRAAM,71.89,2,1172480.0,586240.0,1,640000.0,640000.0,0.5
268,Unit,REMRAAM,113.19,2,2362270.0,1181135.0,1,1275000.0,1275000.0,0.5
269,Unit,REMRAAM,139.46,1,999888.0,999888.0,1,999888.0,999888.0,1.0
270,Unit,SILICON OASIS,41.02,1,390000.0,390000.0,1,390000.0,390000.0,1.0
271,Unit,SILICON OASIS,45.18,1,520000.0,520000.0,1,520000.0,520000.0,1.0
272,Unit,SILICON OASIS,52.83,1,344600.0,344600.0,1,344600.0,344600.0,1.0
273,Unit,SILICON OASIS,58.32,1,500000.0,500000.0,1,500000.0,500000.0,1.0
274,Unit,SILICON OASIS,63.19,1,530000.0,530000.0,1,530000.0,530000.0,1.0
275,Unit,SILICON OASIS,79.23,1,550000.0,550000.0,1,550000.0,550000.0,1.0
276,Unit,SILICON OASIS,88.54,2,1758960.0,879480.0,1,950000.0,950000.0,0.5
277,Unit,SOBHA HEARTLAND,84.72,2,3541200.0,1770600.0,1,1930000.0,1930000.0,0.5
278,Unit,SOBHA HEARTLAND,115.04,2,3870000.0,1935000.0,1,2150000.0,2150000.0,0.5
279,Unit,TECOM SITE A,156.47,1,3800000.0,3800000.0,1,3800000.0,3800000.0,1.0
280,Unit,THE GREENS,78.69,1,1870000.0,1870000.0,1,1870000.0,1870000.0,1.0
281,Unit,THE GREENS,86.59,2,2402400.0,1201200.0,1,1300000.0,1300000.0,0.5
282,Unit,THE GREENS,104.67,2,2725000.0,1362500.0,1,1515000.0,1515000.0,0.5
283,Unit,TOWN SQUARE,131.85,2,2867760.0,1433880.0,1,1550000.0,1550000.0,0.5
284,Unit,Um Suqaim Third,120.16,1,3350000.0,3350000.0,1,3350000.0,3350000.0,1.0
285,Unit,Warsan First,58.59,2,1261699.0,630849.5,1,680000.0,680000.0,0.5
286,Unit,Warsan First,86.5,1,1000000.0,1000000.0,1,1000000.0,1000000.0,1.0
287,Unit,Zaabeel First,187.44,1,8400000.0,8400000.0,1,8400000.0,8400000.0,1.0
288,Unit,Zaabeel Second,151.54,2,8050000.0,4025000.0,1,4550000.0,4550000.0,0.5
